{"cameraMode":{"drawMode":0,"name":"Shaded","section":"Shading Mode"},"sceneLighting":true,"audioPlay":false,"sceneViewState":{"showFog":true,"showMaterialUpdate":false,"showSkybox":true,"showFlares":true,"showImageEffects":true,"showParticleSystems":true},"in2DMode":false,"pivot":{"x":0.0007263422012329102,"y":0.003148674964904785,"z":0.0015832185745239258},"rotation":{"x":-0.08439178019762039,"y":-0.3427439033985138,"z":0.030930256471037866,"w":-0.9351279735565186},"size":1.5664312839508057,"orthographic":true}