{"cameraMode":{"drawMode":0,"name":"Shaded","section":"Shading Mode"},"sceneLighting":true,"audioPlay":false,"sceneViewState":{"showFog":true,"showMaterialUpdate":false,"showSkybox":true,"showFlares":true,"showImageEffects":true,"showParticleSystems":true},"in2DMode":false,"pivot":{"x":1.1700602769851685,"y":20.625661849975587,"z":-0.384033203125},"rotation":{"x":0.28290247917175295,"y":0.45876815915107729,"z":-0.15688630938529969,"w":0.8276606202125549},"size":9.48283863067627,"orthographic":true}